{
    "name": "more clothes for susato",
    "version": "0.2.4",
    "styleFileList": [],
    "scriptFileList": [],
    "tweeFileList": [],
    "additionFile": [
        "code/addon-TF/ears.txt",
        "code/addon-TF/cheeks.txt",
        "code/addon-TF/tail.txt",
        "code/addon-hair/hair.json",
        "Readme.txt"
    ],
    "imgFileList": [
      "img/body/basehead.png",
      "img/body/basenoarms-a.png",
      "img/body/basenoarms-f.png",
      "img/body/basenoarms-m.png",
      "img/body/basenoarms.png",
      "img/body/rightarmidle-a.png",
      "img/body/rightarmidle-f.png",
      "img/body/rightarmidle-m.png",
      "img/body/rightarmidle.png",
      "img/credit/credit1.png",
      "img/credit/credit2.png",
      "img/preview/preview1.png",
      "img/preview/preview2.png",
      "img/preview/preview3.png",
      "img/clothes/face/littleblackface/frayed.png",
      "img/clothes/face/littleblackface/full.png",
      "img/clothes/face/littleblackface/tattered.png",
      "img/clothes/face/littleblackface/torn.png",
      "img/clothes/feet/clogs/acc.png",
      "img/clothes/feet/clogs/acc_gray.png",
      "img/clothes/feet/clogs/full.png",
      "img/clothes/feet/geta/acc_gray.png",
      "img/clothes/feet/geta/full.png",
      "img/clothes/feet/mess/full.png",
      "img/clothes/feet/Sai/full.png",
      "img/clothes/handheld/baseballbat/right.png",
      "img/clothes/handheld/baseballbat/right_cover.png",
      "img/clothes/handheld/card/right.png",
      "img/clothes/handheld/card/right_cover.png",
      "img/clothes/handheld/dumbbell/right_cover_gray.png",
      "img/clothes/handheld/dumbbell/right_gray.png",
      "img/clothes/handheld/seethroughumbrella/back.png",
      "img/clothes/handheld/seethroughumbrella/right.png",
      "img/clothes/handheld/seethroughumbrella/right_cover.png",
      "img/clothes/head/mess/full.png",
      "img/clothes/head/Sai/full.png",
      "img/clothes/legs/Sai/full.png",
      "img/clothes/lower/angelrobe/frayed.png",
      "img/clothes/lower/angelrobe/full.png",
      "img/clothes/lower/angelrobe/tattered.png",
      "img/clothes/lower/angelrobe/torn.png",
      "img/clothes/lower/angelshorts/frayed.png",
      "img/clothes/lower/angelshorts/full.png",
      "img/clothes/lower/angelshorts/tattered.png",
      "img/clothes/lower/angelshorts/torn.png",
      "img/clothes/lower/beanstalk/frayed.png",
      "img/clothes/lower/beanstalk/full.png",
      "img/clothes/lower/beanstalk/tattered.png",
      "img/clothes/lower/beanstalk/torn.png",
      "img/clothes/lower/breeze/frayed.png",
      "img/clothes/lower/breeze/full.png",
      "img/clothes/lower/breeze/tattered.png",
      "img/clothes/lower/breeze/torn.png",
      "img/clothes/lower/brokenstraitjacket/frayed.png",
      "img/clothes/lower/brokenstraitjacket/full.png",
      "img/clothes/lower/brokenstraitjacket/tattered.png",
      "img/clothes/lower/brokenstraitjacket/torn.png",
      "img/clothes/lower/chequerskirtmi/acc.png",
      "img/clothes/lower/chequerskirtmi/acc_gray.png",
      "img/clothes/lower/chequerskirtmi/frayed.png",
      "img/clothes/lower/chequerskirtmi/frayed_gray.png",
      "img/clothes/lower/chequerskirtmi/full.png",
      "img/clothes/lower/chequerskirtmi/full_gray.png",
      "img/clothes/lower/chequerskirtmi/tattered.png",
      "img/clothes/lower/chequerskirtmi/tattered_gray.png",
      "img/clothes/lower/chequerskirtmi/torn.png",
      "img/clothes/lower/chequerskirtmi/torn_gray.png",
      "img/clothes/lower/fibonaccishorts/frayed.png",
      "img/clothes/lower/fibonaccishorts/full.png",
      "img/clothes/lower/fibonaccishorts/tattered.png",
      "img/clothes/lower/fibonaccishorts/torn.png",
      "img/clothes/lower/mess/frayed.png",
      "img/clothes/lower/mess/full.png",
      "img/clothes/lower/mess/tattered.png",
      "img/clothes/lower/mess/torn.png",
      "img/clothes/lower/pinkydress/frayed.png",
      "img/clothes/lower/pinkydress/full.png",
      "img/clothes/lower/pinkydress/tattered.png",
      "img/clothes/lower/pinkydress/torn.png",
      "img/clothes/lower/richang/frayed.png",
      "img/clothes/lower/richang/full.png",
      "img/clothes/lower/richang/tattered.png",
      "img/clothes/lower/richang/torn.png",
      "img/clothes/lower/Sai/frayed.png",
      "img/clothes/lower/Sai/full.png",
      "img/clothes/lower/Sai/tattered.png",
      "img/clothes/lower/Sai/torn.png",
      "img/clothes/lower/satsuki/frayed.png",
      "img/clothes/lower/satsuki/full.png",
      "img/clothes/lower/satsuki/tattered.png",
      "img/clothes/lower/satsuki/torn.png",
      "img/clothes/lower/sleepyshorts/frayed.png",
      "img/clothes/lower/sleepyshorts/full.png",
      "img/clothes/lower/sleepyshorts/tattered.png",
      "img/clothes/lower/sleepyshorts/torn.png",
      "img/clothes/lower/vine/frayed.png",
      "img/clothes/lower/vine/full.png",
      "img/clothes/lower/vine/tattered.png",
      "img/clothes/lower/vine/torn.png",
      "img/clothes/neck/mess/full.png",
      "img/clothes/over_lower/breeze/frayed.png",
      "img/clothes/over_lower/breeze/full.png",
      "img/clothes/over_lower/breeze/tattered.png",
      "img/clothes/over_lower/breeze/torn.png",
      "img/clothes/over_upper/breeze/frayed.png",
      "img/clothes/over_upper/breeze/full.png",
      "img/clothes/over_upper/breeze/hold.png",
      "img/clothes/over_upper/breeze/left.png",
      "img/clothes/over_upper/breeze/left_cover.png",
      "img/clothes/over_upper/breeze/right.png",
      "img/clothes/over_upper/breeze/right_cover.png",
      "img/clothes/over_upper/breeze/tattered.png",
      "img/clothes/over_upper/breeze/torn.png",
      "img/clothes/under_lower/plasterunderwear/acc_gray.png",
      "img/clothes/under_lower/plasterunderwear/frayed_gray.png",
      "img/clothes/under_lower/plasterunderwear/full_gray.png",
      "img/clothes/under_lower/plasterunderwear/tattered_gray.png",
      "img/clothes/under_lower/plasterunderwear/torn_gray.png",
      "img/clothes/upper/angelrobe/0.png",
      "img/clothes/upper/angelrobe/1.png",
      "img/clothes/upper/angelrobe/2.png",
      "img/clothes/upper/angelrobe/3.png",
      "img/clothes/upper/angelrobe/4.png",
      "img/clothes/upper/angelrobe/5.png",
      "img/clothes/upper/angelrobe/frayed.png",
      "img/clothes/upper/angelrobe/full.png",
      "img/clothes/upper/angelrobe/hold.png",
      "img/clothes/upper/angelrobe/left.png",
      "img/clothes/upper/angelrobe/left_cover.png",
      "img/clothes/upper/angelrobe/right.png",
      "img/clothes/upper/angelrobe/right_cover.png",
      "img/clothes/upper/angelrobe/tattered.png",
      "img/clothes/upper/angelrobe/torn.png",
      "img/clothes/upper/beanstalk/full.png",
      "img/clothes/upper/beanstalk/hold.png",
      "img/clothes/upper/beanstalk/left.png",
      "img/clothes/upper/beanstalk/left_cover.png",
      "img/clothes/upper/beanstalk/right.png",
      "img/clothes/upper/beanstalk/right_cover.png",
      "img/clothes/upper/breeze/frayed.png",
      "img/clothes/upper/breeze/full.png",
      "img/clothes/upper/breeze/hold.png",
      "img/clothes/upper/breeze/left.png",
      "img/clothes/upper/breeze/left_cover.png",
      "img/clothes/upper/breeze/right.png",
      "img/clothes/upper/breeze/right_cover.png",
      "img/clothes/upper/breeze/tattered.png",
      "img/clothes/upper/breeze/torn.png",
      "img/clothes/upper/brokenstraitjacket/frayed.png",
      "img/clothes/upper/brokenstraitjacket/full.png",
      "img/clothes/upper/brokenstraitjacket/hold.png",
      "img/clothes/upper/brokenstraitjacket/left.png",
      "img/clothes/upper/brokenstraitjacket/left_cover.png",
      "img/clothes/upper/brokenstraitjacket/right.png",
      "img/clothes/upper/brokenstraitjacket/right_cover.png",
      "img/clothes/upper/brokenstraitjacket/tattered.png",
      "img/clothes/upper/brokenstraitjacket/torn.png",
      "img/clothes/upper/mess/frayed.png",
      "img/clothes/upper/mess/full.png",
      "img/clothes/upper/mess/hold.png",
      "img/clothes/upper/mess/left.png",
      "img/clothes/upper/mess/left_cover.png",
      "img/clothes/upper/mess/right.png",
      "img/clothes/upper/mess/right_cover.png",
      "img/clothes/upper/mess/tattered.png",
      "img/clothes/upper/mess/torn.png",
      "img/clothes/upper/pinkydress/frayed.png",
      "img/clothes/upper/pinkydress/full.png",
      "img/clothes/upper/pinkydress/tattered.png",
      "img/clothes/upper/pinkydress/torn.png",
      "img/clothes/upper/Ri/frayed.png",
      "img/clothes/upper/Ri/full.png",
      "img/clothes/upper/Ri/hold.png",
      "img/clothes/upper/Ri/left.png",
      "img/clothes/upper/Ri/left_cover.png",
      "img/clothes/upper/Ri/right.png",
      "img/clothes/upper/Ri/right_cover.png",
      "img/clothes/upper/Ri/tattered.png",
      "img/clothes/upper/Ri/torn.png",
      "img/clothes/upper/richang/frayed.png",
      "img/clothes/upper/richang/full.png",
      "img/clothes/upper/richang/hold.png",
      "img/clothes/upper/richang/left.png",
      "img/clothes/upper/richang/left_cover.png",
      "img/clothes/upper/richang/right.png",
      "img/clothes/upper/richang/right_cover.png",
      "img/clothes/upper/richang/tattered.png",
      "img/clothes/upper/richang/torn.png",
      "img/clothes/upper/Sai/frayed.png",
      "img/clothes/upper/Sai/full.png",
      "img/clothes/upper/Sai/hold.png",
      "img/clothes/upper/Sai/left.png",
      "img/clothes/upper/Sai/left_cover.png",
      "img/clothes/upper/Sai/right.png",
      "img/clothes/upper/Sai/right_cover.png",
      "img/clothes/upper/Sai/tattered.png",
      "img/clothes/upper/Sai/torn.png",
      "img/clothes/upper/satsuki/full.png",
      "img/clothes/upper/satsuki/hold.png",
      "img/clothes/upper/satsuki/left.png",
      "img/clothes/upper/satsuki/left_cover.png",
      "img/clothes/upper/satsuki/right.png",
      "img/clothes/upper/satsuki/right_cover.png",
      "img/clothes/upper/vine/frayed.png",
      "img/clothes/upper/vine/full.png",
      "img/clothes/upper/vine/hold.png",
      "img/clothes/upper/vine/left.png",
      "img/clothes/upper/vine/left_cover.png",
      "img/clothes/upper/vine/right.png",
      "img/clothes/upper/vine/right_cover.png",
      "img/clothes/upper/vine/tattered.png",
      "img/clothes/upper/vine/torn.png",
      "img/hair/fringe/Bob hair/chest.png",
      "img/hair/fringe/Bob hair/feet.png",
      "img/hair/fringe/Bob hair/navel.png",
      "img/hair/fringe/Bob hair/short.png",
      "img/hair/fringe/Bob hair/shoulder.png",
      "img/hair/fringe/Bob hair/thighs.png",
      "img/hair/fringe/Ri/chest.png",
      "img/hair/fringe/Ri/feet.png",
      "img/hair/fringe/Ri/navel.png",
      "img/hair/fringe/Ri/short.png",
      "img/hair/fringe/Ri/shoulder.png",
      "img/hair/fringe/Ri/thighs.png",
      "img/hair/fringe/Sai/chest.png",
      "img/hair/fringe/Sai/feet.png",
      "img/hair/fringe/Sai/navel.png",
      "img/hair/fringe/Sai/short.png",
      "img/hair/fringe/Sai/shoulder.png",
      "img/hair/fringe/Sai/thighs.png",
      "img/hair/fringe/Shen/chest.png",
      "img/hair/fringe/Shen/feet.png",
      "img/hair/fringe/Shen/navel.png",
      "img/hair/fringe/Shen/short.png",
      "img/hair/fringe/Shen/shoulder.png",
      "img/hair/fringe/Shen/thighs.png",
      "img/hair/sides/Ri/chest.png",
      "img/hair/sides/Ri/feet.png",
      "img/hair/sides/Ri/navel.png",
      "img/hair/sides/Ri/short.png",
      "img/hair/sides/Ri/shoulder.png",
      "img/hair/sides/Ri/thighs.png",
      "img/hair/sides/Sai/chest.png",
      "img/hair/sides/Sai/feet.png",
      "img/hair/sides/Sai/navel.png",
      "img/hair/sides/Sai/short.png",
      "img/hair/sides/Sai/shoulder.png",
      "img/hair/sides/Sai/thighs.png",
      "img/hair/sides/Shen/chest.png",
      "img/hair/sides/Shen/feet.png",
      "img/hair/sides/Shen/navel.png",
      "img/hair/sides/Shen/short.png",
      "img/hair/sides/Shen/shoulder.png",
      "img/hair/sides/Shen/thighs.png",
      "img/misc/icon/clothes/angelshorts_icon.png",
      "img/misc/icon/clothes/angel_robe.png",
      "img/misc/icon/clothes/baseballbat.png",
      "img/misc/icon/clothes/beanstalkupper_icon.png",
      "img/misc/icon/clothes/breezeoverupper_icon.png",
      "img/misc/icon/clothes/breezeupper_icon.png",
      "img/misc/icon/clothes/broken_straitjacket.png",
      "img/misc/icon/clothes/card.png",
      "img/misc/icon/clothes/chequerskirtmi_icon.png",
      "img/misc/icon/clothes/clogs.png",
      "img/misc/icon/clothes/dumbbell.png",
      "img/misc/icon/clothes/fibonaccishorts_icon.png",
      "img/misc/icon/clothes/geta.png",
      "img/misc/icon/clothes/geta_acc.png",
      "img/misc/icon/clothes/little_black_face.png",
      "img/misc/icon/clothes/messfeet_icon.png",
      "img/misc/icon/clothes/messhead_icon.png",
      "img/misc/icon/clothes/messlower_icon.png",
      "img/misc/icon/clothes/messneck_icon.png",
      "img/misc/icon/clothes/messupper_icon.png",
      "img/misc/icon/clothes/plasterunderwear_icon.png",
      "img/misc/icon/clothes/Ri.png",
      "img/misc/icon/clothes/richang.png",
      "img/misc/icon/clothes/richang_bottom.png",
      "img/misc/icon/clothes/Sai.png",
      "img/misc/icon/clothes/satsukiupper_icon.png",
      "img/misc/icon/clothes/sleepyshorts_icon.png",
      "img/transformations/fox/cheeks/fennec.png",
      "img/transformations/fox/cheeks/ninetailedfox.png",
      "img/transformations/fox/ears/fennec.png",
      "img/transformations/fox/ears/ninetailedfox.png",
      "img/transformations/fox/tail/fennec.png",
      "img/transformations/fox/tail/ninetailedfox.png"
    ],
    "addonPlugin": [
      {
        "modName": "ModdedClothesAddon",
        "addonName": "ModdedClothesAddon",
        "modVersion": "^1.1.0",
        "params": {
          "clothes": [
            {
              "key": "feet",
              "filePath": "code/addon-clothes/feet.json"
            },
            {
              "key": "legs",
              "filePath": "code/addon-clothes/legs.json"
            },
            {
              "key": "head",
              "filePath": "code/addon-clothes/head.json"
            },
            {
              "key": "face",
              "filePath": "code/addon-clothes/face.json"
            },
            {
              "key": "neck",
              "filePath": "code/addon-clothes/neck.json"
            },
            {
              "key": "upper",
              "filePath": "code/addon-clothes/upper.json"
            },
            {
              "key": "lower",
              "filePath": "code/addon-clothes/lower.json"
            },
            {
              "key": "over_upper",
              "filePath": "code/addon-clothes/over_upper.json"
            },
            {
              "key": "over_lower",
              "filePath": "code/addon-clothes/over_lower.json"
            },
            {
              "key": "under_lower",
              "filePath": "code/addon-clothes/under_lower.json"
            },
            {
              "key": "handheld",
              "filePath": "code/addon-clothes/handheld.json"
            }
          ]
        }
      },
      {
        "modName": "TweeReplacer",
        "addonName": "TweeReplacerAddon",
        "modVersion": "1.1.0",
        "params": [
          {
            "passage": "Widgets Mirror",
            "findString": "<<listbox \"_fox.ears\" autoselect>>",
            "replaceFile": "code/addon-TF/ears.txt"
          },
          {
            "passage": "Widgets Mirror",
            "findString": "<<listbox \"_fox.cheeks\" autoselect>>",
            "replaceFile": "code/addon-TF/cheeks.txt"
          },
          {
            "passage": "Widgets Mirror",
            "findString": "<<listbox \"_fox.tail\" autoselect>>",
            "replaceFile": "code/addon-TF/tail.txt"
          }
        ]
      },
      {
        "modName": "ModdedHairAddon",
        "addonName": "ModdedHairAddon",
        "modVersion": "^1.0.0",
        "params": {
          "hair": [
            "code/addon-hair/hair.json"
          ]
        }
      },
      {
        "modName": "ModLoader DoL ImageLoaderHook",
        "addonName": "ImageLoaderAddon",
        "modVersion": "^2.3.0",
        "params": []
      }
    ],
    "dependenceInfo": [
      {
        "modName": "ModdedClothesAddon",
        "version": "^1.1.0"
      },
      {
        "modName": "ModdedHairAddon",
        "version": "^1.0.0"
      },
      {
        "modName": "ModLoader DoL ImageLoaderHook",
        "version": "^2.3.0"
      }
    ]
  }