{
  "name": "BgFgGiftPack",
  "version": "0.1.1",
  "styleFileList": [],
  "scriptFileList": [],
  "tweeFileList": [],
  "additionFile": [],
  "imgFileList": [
    "img/decorations/background/shiyueback.png",
    "img/decorations/background/shiyuezhouback.png",
    "img/decorations/background/langlangyback.png",
    "img/decorations/background/catback.png",
    "img/decorations/background/catback1.png",
    "img/decorations/background/christmasback.png",
    "img/decorations/background/cyanback1.png",
    "img/decorations/background/darkestcountyardback.png",
    "img/decorations/background/dotback.png",
    "img/decorations/background/kongdong.png",
    "img/decorations/background/qinback.png",
    "img/decorations/background/❤_back.png",
    "img/decorations/background/💎back.png",
    "img/decorations/foreground/sydphone.png",
    "img/decorations/foreground/langlangyphone.png",
    "img/decorations/foreground/sydpp.png",
    "img/decorations/foreground/catphone.png",
    "img/decorations/foreground/catphone1.png",
    "img/decorations/foreground/christmasphone.png",
    "img/decorations/foreground/cyanphone.png",
    "img/decorations/foreground/cyanphone1.png",
    "img/decorations/foreground/darkestcountyardphone.png",
    "img/decorations/foreground/rainworldcat.png",
    "img/decorations/foreground/❤_phone.png",
    "img/decorations/foreground/💎phone.png"
  ],
  "addonPlugin": [
    {
      "modName": "ReplacePatcher",
      "addonName": "ReplacePatcherAddon",
      "modVersion": "1.2.0",
      "params": {
        "js": [
          {
            "fileName": "canvasmodel-editor.js",
            "from": "selectOption(\"foreground_image_type\", [",
            "to": "selectOption(\"foreground_image_type\", [\"sydphone\", \"langlangyphone\", \"sydpp\", \"catphone\", \"catphone1\", \"christmasphone\", \"cyanphone\",  \"cyanphone1\", \"darkestcountyardphone\", \"rainworldcat\", \"❤_phone\", \"💎phone\", "
          },
          {
            "fileName": "canvasmodel-editor.js",
            "from": "selectOption(\"background_image_type\", [",
            "to": "selectOption(\"background_image_type\", [\"shiyueback\", \"shiyuezhouback\", \"langlangyback\", \"catback\", \"catback1\", \"christmasback\", \"cyanback1\", \"darkestcountyardback\", \"dotback\", \"kongdong\", \"qinback\", \"❤_back\", \"💎back\","
          }
        ],
        "twee": [
          {
            "passageName": "Widgets Mirror",
            "from": "<<radiobutton \"$background_image\" \"none\" autocheck>></label><br>\n\t\t",
            "to": "<<radiobutton \"$background_image\" \"none\" autocheck>></label><br>\n\t\t<label>猫猫背景<<radiobutton \"$background_image\" \"catback\" autocheck>></label><br>\n\t\t<label>猫猫背景-特效（适配挽风人模）<<radiobutton \"$background_image\" \"catback1\" autocheck>></label><br>\n\t\t<label>圣诞背景<<radiobutton \"$background_image\" \"christmasback\" autocheck>></label><br>\n\t\t<label>水色背景<<radiobutton \"$background_image\" \"cyanback1\" autocheck>></label><br>\n\t\t<label>森林庭院<<radiobutton \"$background_image\" \"darkestcountyardback\" autocheck>></label><br>\n\t\t<label>点阵背景<<radiobutton \"$background_image\" \"dotback\" autocheck>></label><br>\n\t\t<label>空洞小骑士<<radiobutton \"$background_image\" \"kongdong\" autocheck>></label><br>\n\t\t<label>竖琴<<radiobutton \"$background_image\" \"qinback\" autocheck>></label><br>\n\t\t<label>地雷系背景<<radiobutton \"$background_image\" \"❤_back\" autocheck>></label><br>\n\t\t<label>钻石背景<<radiobutton \"$background_image\" \"💎back\" autocheck>></label><br>"
          },
          {
            "passageName": "Widgets Mirror",
            "from": "<<radiobutton \"$foreground_image\" \"none\" autocheck>></label><br>\n\t\t",
            "to": "<<radiobutton \"$foreground_image\" \"none\" autocheck>></label><br>\n\t\t<label>猫猫手机壳<<radiobutton \"$foreground_image\" \"catphone\" autocheck>></label><br>\n\t\t<label>猫猫手机壳-特效（适配挽风人模）<<radiobutton \"$foreground_image\" \"catphone1\" autocheck>></label><br>\n\t\t<label>圣诞手机壳<<radiobutton \"$foreground_image\" \"christmasphone\" autocheck>></label><br>\n\t\t<label>水色手机壳<<radiobutton \"$foreground_image\" \"cyanphone\" autocheck>></label><br>\n\t\t<label>水色手机壳1<<radiobutton \"$foreground_image\" \"cyanphone1\" autocheck>></label><br>\n\t\t<label>森林庭院手机壳<<radiobutton \"$foreground_image\" \"darkestcountyardphone\" autocheck>></label><br>\n\t\t<label>雨世界猫猫<<radiobutton \"$foreground_image\" \"rainworldcat\" autocheck>></label><br>\n\t\t<label>地雷系手机壳<<radiobutton \"$foreground_image\" \"❤_phone\" autocheck>></label><br>\n\t\t<label>钻石手机壳<<radiobutton \"$foreground_image\" \"💎phone\" autocheck>></label><br>"
          },
          {
            "passageName": "Widgets Mirror",
            "from": "<<radiobutton \"$background_image\" \"none\" autocheck>></label><br>\n\t\t",
            "to": "<<radiobutton \"$background_image\" \"none\" autocheck>></label><br>\n\t\t<label>誓约（夜）<<radiobutton \"$background_image\" \"shiyueback\" autocheck>></label><br>\n\t\t<label>誓约（昼）<<radiobutton \"$background_image\" \"shiyuezhouback\" autocheck>></label><br>\n\t\t<label>狼狼背景<<radiobutton \"$background_image\" \"langlangyback\" autocheck>></label><br>\n\t\t"
          },
          {
            "passageName": "Widgets Mirror",
            "from": "<<radiobutton \"$foreground_image\" \"none\" autocheck>></label><br>\n\t\t",
            "to": "<<radiobutton \"$foreground_image\" \"none\" autocheck>></label><br>\n\t\t<label>誓约手机壳<<radiobutton \"$foreground_image\" \"sydphone\" autocheck>></label><br>\n\t\t<label>狼狼手机壳<<radiobutton \"$foreground_image\" \"langlangyphone\" autocheck>></label><br>\n\t\t<label>悉尼趴趴<<radiobutton \"$foreground_image\" \"sydpp\" autocheck>></label><br>\n\t\t"
          }
        ],
        "css": []
      }
    },
    {
      "modName": "ModLoader DoL ImageLoaderHook",
      "addonName": "ImageLoaderAddon",
      "modVersion": "^2.3.0",
      "params": []
    }
  ],
  "dependenceInfo": [
    {
      "modName": "ModLoader DoL ImageLoaderHook",
      "version": "^2.3.0"
    }
  ]
}